person_id,person_name,abstract_id,present_name,rating
2,Person2,90,Person90,3
2,Person2,177,Person177,3
2,Person2,196,Person196,3
2,Person2,139,Person139,3
2,Person2,12,Person12,3
2,Person2,149,Person149,3
2,Person2,101,Person101,3
2,Person2,14,Person14,3
2,Person2,54,Person54,4
2,Person2,184,Person184,4
2,Person2,146,Person146,4
2,Person2,99,Person99,4
2,Person2,21,Person21,4
2,Person2,91,Person91,4
2,Person2,161,Person161,5
2,Person2,174,Person174,5
2,Person2,126,Person126,5
3,Person3,97,Person97,2
3,Person3,179,Person179,2
3,Person3,177,Person177,3
3,Person3,108,Person108,3
3,Person3,21,Person21,3
3,Person3,173,Person173,3
3,Person3,127,Person127,4
3,Person3,43,Person43,4
3,Person3,103,Person103,4
3,Person3,89,Person89,4
3,Person3,2,Person2,4
3,Person3,151,Person151,5
3,Person3,197,Person197,5
3,Person3,126,Person126,5
3,Person3,54,Person54,5
3,Person3,64,Person64,5
4,Person4,7,Person7,3
4,Person4,130,Person130,3
4,Person4,192,Person192,3
4,Person4,25,Person25,3
4,Person4,131,Person131,3
4,Person4,51,Person51,3
4,Person4,46,Person46,4
4,Person4,143,Person143,4
4,Person4,34,Person34,4
4,Person4,90,Person90,4
4,Person4,59,Person59,5
4,Person4,136,Person136,5
4,Person4,45,Person45,5
4,Person4,30,Person30,5
4,Person4,38,Person38,5
4,Person4,10,Person10,5
5,Person5,195,Person195,2
5,Person5,142,Person142,2
5,Person5,96,Person96,2
5,Person5,139,Person139,2
5,Person5,15,Person15,2
5,Person5,55,Person55,2
5,Person5,90,Person90,3
5,Person5,137,Person137,3
5,Person5,107,Person107,3
5,Person5,17,Person17,3
5,Person5,196,Person196,3
5,Person5,36,Person36,4
5,Person5,62,Person62,4
5,Person5,175,Person175,4
5,Person5,99,Person99,4
5,Person5,160,Person160,5
5,Person5,181,Person181,5
5,Person5,71,Person71,5
5,Person5,161,Person161,5
7,Person7,181,Person181,2
7,Person7,30,Person30,2
7,Person7,96,Person96,3
7,Person7,90,Person90,3
7,Person7,85,Person85,3
7,Person7,124,Person124,3
7,Person7,130,Person130,4
7,Person7,4,Person4,4
7,Person7,44,Person44,4
7,Person7,197,Person197,4
7,Person7,166,Person166,4
7,Person7,34,Person34,5
7,Person7,175,Person175,5
7,Person7,59,Person59,5
8,Person8,196,Person196,1
8,Person8,163,Person163,1
8,Person8,111,Person111,2
8,Person8,138,Person138,2
8,Person8,125,Person125,2
8,Person8,102,Person102,2
8,Person8,108,Person108,2
8,Person8,77,Person77,2
8,Person8,25,Person25,2
8,Person8,14,Person14,2
8,Person8,82,Person82,2
8,Person8,34,Person34,2
8,Person8,148,Person148,3
8,Person8,9,Person9,3
8,Person8,173,Person173,3
8,Person8,30,Person30,4
8,Person8,12,Person12,4
8,Person8,135,Person135,4
8,Person8,52,Person52,4
8,Person8,160,Person160,5
9,Person9,160,Person160,2
9,Person9,52,Person52,2
9,Person9,48,Person48,2
9,Person9,107,Person107,2
9,Person9,135,Person135,2
9,Person9,137,Person137,2
9,Person9,51,Person51,3
9,Person9,108,Person108,3
9,Person9,97,Person97,3
9,Person9,12,Person12,3
9,Person9,75,Person75,5
9,Person9,90,Person90,5
9,Person9,165,Person165,5
9,Person9,177,Person177,5
10,Person10,25,Person25,1
10,Person10,30,Person30,2
10,Person10,198,Person198,2
10,Person10,114,Person114,3
10,Person10,7,Person7,3
10,Person10,131,Person131,3
10,Person10,143,Person143,3
10,Person10,95,Person95,3
10,Person10,38,Person38,3
10,Person10,46,Person46,3
10,Person10,45,Person45,3
10,Person10,83,Person83,3
10,Person10,4,Person4,3
10,Person10,172,Person172,3
10,Person10,149,Person149,4
10,Person10,87,Person87,4
10,Person10,145,Person145,4
10,Person10,166,Person166,4
10,Person10,59,Person59,5
10,Person10,142,Person142,5
12,Person12,42,Person42,2
12,Person12,36,Person36,3
12,Person12,99,Person99,3
12,Person12,185,Person185,3
12,Person12,52,Person52,3
12,Person12,177,Person177,3
12,Person12,108,Person108,3
12,Person12,77,Person77,3
12,Person12,107,Person107,3
12,Person12,97,Person97,3
12,Person12,82,Person82,3
12,Person12,71,Person71,4
12,Person12,174,Person174,4
12,Person12,43,Person43,4
12,Person12,160,Person160,5
12,Person12,90,Person90,5
12,Person12,51,Person51,5
12,Person12,23,Person23,5
12,Person12,178,Person178,5
13,Person13,59,Person59,3
13,Person13,82,Person82,3
13,Person13,144,Person144,4
13,Person13,12,Person12,4
13,Person13,177,Person177,4
13,Person13,99,Person99,4
13,Person13,197,Person197,4
13,Person13,36,Person36,5
13,Person13,181,Person181,5
13,Person13,142,Person142,5
13,Person13,17,Person17,5
13,Person13,125,Person125,5
13,Person13,52,Person52,5
13,Person13,148,Person148,5
13,Person13,139,Person139,5
13,Person13,97,Person97,5
13,Person13,175,Person175,5
14,Person14,91,Person91,3
14,Person14,36,Person36,3
14,Person14,173,Person173,3
14,Person14,108,Person108,3
14,Person14,198,Person198,3
14,Person14,172,Person172,3
14,Person14,29,Person29,3
14,Person14,46,Person46,3
14,Person14,60,Person60,4
14,Person14,179,Person179,4
14,Person14,156,Person156,4
14,Person14,64,Person64,4
14,Person14,132,Person132,4
14,Person14,40,Person40,4
14,Person14,2,Person2,4
14,Person14,175,Person175,4
14,Person14,21,Person21,5
14,Person14,54,Person54,5
14,Person14,63,Person63,5
14,Person14,161,Person161,5
15,Person15,142,Person142,1
15,Person15,25,Person25,1
15,Person15,101,Person101,2
15,Person15,178,Person178,2
15,Person15,90,Person90,3
15,Person15,160,Person160,3
15,Person15,108,Person108,3
15,Person15,99,Person99,3
15,Person15,138,Person138,4
15,Person15,111,Person111,4
15,Person15,173,Person173,4
15,Person15,21,Person21,4
15,Person15,89,Person89,5
15,Person15,32,Person32,5
15,Person15,12,Person12,5
15,Person15,126,Person126,5
15,Person15,198,Person198,5
15,Person15,200,Person200,5
15,Person15,175,Person175,5
17,Person17,162,Person162,1
17,Person17,78,Person78,2
17,Person17,161,Person161,2
17,Person17,25,Person25,2
17,Person17,90,Person90,3
17,Person17,9,Person9,3
17,Person17,89,Person89,3
17,Person17,13,Person13,3
17,Person17,82,Person82,3
17,Person17,71,Person71,3
17,Person17,195,Person195,3
17,Person17,85,Person85,3
17,Person17,127,Person127,4
17,Person17,126,Person126,4
17,Person17,146,Person146,5
17,Person17,2,Person2,5
17,Person17,84,Person84,5
21,Person21,75,Person75,
21,Person21,54,Person54,
21,Person21,62,Person62,
21,Person21,185,Person185,
21,Person21,71,Person71,
21,Person21,125,Person125,
21,Person21,102,Person102,
21,Person21,196,Person196,
21,Person21,108,Person108,
21,Person21,43,Person43,
21,Person21,63,Person63,
21,Person21,139,Person139,
21,Person21,14,Person14,
21,Person21,127,Person127,
21,Person21,110,Person110,
21,Person21,81,Person81,
22,Person22,85,Person85,1
22,Person22,172,Person172,2
22,Person22,33,Person33,2
22,Person22,181,Person181,2
22,Person22,4,Person4,3
22,Person22,135,Person135,3
22,Person22,131,Person131,3
22,Person22,151,Person151,4
22,Person22,59,Person59,4
22,Person22,143,Person143,4
22,Person22,87,Person87,4
22,Person22,137,Person137,4
22,Person22,89,Person89,4
22,Person22,61,Person61,5
22,Person22,128,Person128,5
23,Person23,64,Person64,2
23,Person23,145,Person145,3
23,Person23,87,Person87,3
23,Person23,40,Person40,3
23,Person23,45,Person45,3
23,Person23,172,Person172,3
23,Person23,61,Person61,3
23,Person23,128,Person128,3
23,Person23,51,Person51,4
23,Person23,32,Person32,4
23,Person23,175,Person175,4
23,Person23,143,Person143,4
23,Person23,7,Person7,4
23,Person23,185,Person185,4
23,Person23,59,Person59,4
23,Person23,149,Person149,5
25,Person25,75,Person75,5
25,Person25,25,Person25,5
25,Person25,136,Person136,5
25,Person25,124,Person124,5
25,Person25,175,Person175,5
25,Person25,192,Person192,5
25,Person25,40,Person40,5
25,Person25,179,Person179,5
25,Person25,139,Person139,5
25,Person25,107,Person107,5
25,Person25,87,Person87,5
25,Person25,178,Person178,5
25,Person25,43,Person43,5
25,Person25,148,Person148,5
25,Person25,23,Person23,5
25,Person25,166,Person166,5
25,Person25,17,Person17,5
25,Person25,99,Person99,5
25,Person25,96,Person96,5
25,Person25,197,Person197,5
29,Person29,180,Person180,
29,Person29,54,Person54,0
29,Person29,183,Person183,0
29,Person29,9,Person9,0
29,Person29,163,Person163,0
29,Person29,196,Person196,0
29,Person29,108,Person108,0
29,Person29,161,Person161,0
29,Person29,21,Person21,0
29,Person29,127,Person127,0
29,Person29,12,Person12,0
29,Person29,135,Person135,0
29,Person29,81,Person81,2
29,Person29,130,Person130,2
29,Person29,102,Person102,3
29,Person29,126,Person126,3
29,Person29,197,Person197,4
29,Person29,178,Person178,4
29,Person29,142,Person142,5
29,Person29,17,Person17,5
30,Person30,9,Person9,3
30,Person30,166,Person166,3
30,Person30,137,Person137,3
30,Person30,90,Person90,4
30,Person30,44,Person44,4
30,Person30,51,Person51,4
30,Person30,144,Person144,4
30,Person30,52,Person52,4
30,Person30,177,Person177,4
30,Person30,114,Person114,4
30,Person30,151,Person151,4
30,Person30,198,Person198,4
30,Person30,181,Person181,5
30,Person30,7,Person7,5
30,Person30,128,Person128,5
32,Person32,200,Person200,2
32,Person32,10,Person10,3
32,Person32,3,Person3,3
32,Person32,149,Person149,3
32,Person32,96,Person96,3
32,Person32,7,Person7,3
32,Person32,151,Person151,3
32,Person32,43,Person43,3
32,Person32,53,Person53,3
32,Person32,136,Person136,3
32,Person32,130,Person130,3
32,Person32,166,Person166,4
32,Person32,59,Person59,4
32,Person32,197,Person197,4
32,Person32,198,Person198,4
32,Person32,138,Person138,5
32,Person32,192,Person192,5
33,Person33,38,Person38,2
33,Person33,59,Person59,3
33,Person33,45,Person45,3
33,Person33,131,Person131,3
33,Person33,83,Person83,3
33,Person33,30,Person30,3
33,Person33,4,Person4,4
33,Person33,198,Person198,4
33,Person33,149,Person149,4
33,Person33,128,Person128,4
33,Person33,7,Person7,5
33,Person33,172,Person172,5
33,Person33,87,Person87,5
33,Person33,114,Person114,5
33,Person33,166,Person166,5
33,Person33,95,Person95,5
33,Person33,44,Person44,5
34,Person34,33,Person33,4
34,Person34,83,Person83,4
34,Person34,38,Person38,4
34,Person34,145,Person145,4
34,Person34,131,Person131,4
34,Person34,144,Person144,5
34,Person34,105,Person105,5
34,Person34,95,Person95,5
34,Person34,114,Person114,5
34,Person34,87,Person87,5
34,Person34,45,Person45,5
34,Person34,149,Person149,5
34,Person34,59,Person59,5
34,Person34,7,Person7,5
34,Person34,128,Person128,5
34,Person34,173,Person173,5
34,Person34,61,Person61,5
36,Person36,131,Person131,2
36,Person36,183,Person183,3
36,Person36,77,Person77,3
36,Person36,97,Person97,3
36,Person36,175,Person175,3
36,Person36,48,Person48,3
36,Person36,75,Person75,4
36,Person36,92,Person92,4
36,Person36,21,Person21,4
36,Person36,160,Person160,4
36,Person36,149,Person149,4
36,Person36,125,Person125,5
36,Person36,177,Person177,5
36,Person36,196,Person196,5
36,Person36,181,Person181,5
36,Person36,197,Person197,5
36,Person36,111,Person111,5
37,Person37,151,Person151,2
37,Person37,59,Person59,2
37,Person37,7,Person7,2
37,Person37,81,Person81,2
37,Person37,178,Person178,3
37,Person37,143,Person143,3
37,Person37,149,Person149,3
37,Person37,198,Person198,3
37,Person37,137,Person137,3
37,Person37,166,Person166,3
37,Person37,85,Person85,3
37,Person37,95,Person95,3
37,Person37,107,Person107,4
37,Person37,17,Person17,4
37,Person37,10,Person10,4
37,Person37,131,Person131,4
37,Person37,173,Person173,4
37,Person37,30,Person30,5
37,Person37,89,Person89,5
37,Person37,181,Person181,5
38,Person38,90,Person90,2
38,Person38,111,Person111,2
38,Person38,96,Person96,2
38,Person38,142,Person142,2
38,Person38,130,Person130,3
38,Person38,4,Person4,5
38,Person38,192,Person192,5
38,Person38,166,Person166,5
38,Person38,33,Person33,5
40,Person40,196,Person196,2
40,Person40,14,Person14,2
40,Person40,62,Person62,2
40,Person40,81,Person81,2
40,Person40,25,Person25,3
40,Person40,163,Person163,3
40,Person40,148,Person148,3
40,Person40,86,Person86,3
40,Person40,82,Person82,3
40,Person40,166,Person166,4
40,Person40,156,Person156,4
40,Person40,90,Person90,4
40,Person40,165,Person165,4
40,Person40,29,Person29,4
40,Person40,36,Person36,5
40,Person40,160,Person160,5
40,Person40,111,Person111,5
40,Person40,89,Person89,5
40,Person40,183,Person183,5
40,Person40,124,Person124,5
41,Person41,135,Person135,2
41,Person41,46,Person46,2
41,Person41,148,Person148,3
41,Person41,60,Person60,3
41,Person41,59,Person59,3
41,Person41,175,Person175,3
41,Person41,42,Person42,3
41,Person41,156,Person156,3
41,Person41,54,Person54,3
41,Person41,44,Person44,3
41,Person41,137,Person137,3
41,Person41,128,Person128,4
41,Person41,51,Person51,4
41,Person41,95,Person95,4
41,Person41,131,Person131,5
41,Person41,52,Person52,5
41,Person41,144,Person144,5
42,Person42,173,Person173,1
42,Person42,99,Person99,2
42,Person42,14,Person14,2
42,Person42,55,Person55,2
42,Person42,96,Person96,2
42,Person42,161,Person161,2
42,Person42,36,Person36,3
42,Person42,54,Person54,3
42,Person42,125,Person125,3
42,Person42,60,Person60,3
42,Person42,29,Person29,3
42,Person42,64,Person64,3
42,Person42,180,Person180,3
42,Person42,163,Person163,3
42,Person42,139,Person139,4
42,Person42,174,Person174,5
42,Person42,101,Person101,5
42,Person42,12,Person12,5
43,Person43,90,Person90,3
43,Person43,111,Person111,3
43,Person43,3,Person3,3
43,Person43,179,Person179,3
43,Person43,178,Person178,3
43,Person43,166,Person166,4
43,Person43,7,Person7,4
43,Person43,38,Person38,4
43,Person43,105,Person105,4
43,Person43,81,Person81,4
43,Person43,114,Person114,4
43,Person43,33,Person33,5
43,Person43,130,Person130,5
43,Person43,23,Person23,5
44,Person44,4,Person4,3
44,Person44,172,Person172,3
44,Person44,14,Person14,3
44,Person44,10,Person10,3
44,Person44,114,Person114,3
44,Person44,33,Person33,3
44,Person44,45,Person45,3
44,Person44,7,Person7,4
44,Person44,166,Person166,4
44,Person44,43,Person43,4
44,Person44,130,Person130,5
44,Person44,149,Person149,5
45,Person45,197,Person197,1
45,Person45,78,Person78,2
45,Person45,185,Person185,2
45,Person45,23,Person23,2
45,Person45,33,Person33,3
45,Person45,145,Person145,3
45,Person45,43,Person43,3
45,Person45,44,Person44,4
45,Person45,166,Person166,4
45,Person45,83,Person83,4
45,Person45,38,Person38,4
45,Person45,149,Person149,4
45,Person45,7,Person7,4
45,Person45,114,Person114,5
45,Person45,10,Person10,5
45,Person45,4,Person4,5
46,Person46,64,Person64,3
46,Person46,44,Person44,3
46,Person46,105,Person105,3
46,Person46,45,Person45,3
46,Person46,143,Person143,3
46,Person46,43,Person43,3
46,Person46,59,Person59,4
46,Person46,33,Person33,4
46,Person46,173,Person173,4
46,Person46,95,Person95,4
46,Person46,83,Person83,4
46,Person46,38,Person38,4
46,Person46,10,Person10,4
46,Person46,34,Person34,4
46,Person46,4,Person4,5
46,Person46,7,Person7,5
46,Person46,114,Person114,5
46,Person46,172,Person172,5
47,Person47,85,Person85,1
47,Person47,192,Person192,2
47,Person47,59,Person59,2
47,Person47,4,Person4,2
47,Person47,44,Person44,3
47,Person47,105,Person105,3
47,Person47,145,Person145,3
47,Person47,43,Person43,3
47,Person47,45,Person45,3
47,Person47,46,Person46,3
47,Person47,90,Person90,4
47,Person47,83,Person83,4
47,Person47,131,Person131,4
47,Person47,172,Person172,5
48,Person48,90,Person90,1
48,Person48,9,Person9,2
48,Person48,197,Person197,2
48,Person48,111,Person111,2
48,Person48,43,Person43,2
48,Person48,103,Person103,2
48,Person48,135,Person135,2
48,Person48,13,Person13,2
48,Person48,151,Person151,2
48,Person48,139,Person139,3
48,Person48,42,Person42,3
48,Person48,12,Person12,3
48,Person48,142,Person142,4
48,Person48,177,Person177,4
48,Person48,181,Person181,5
48,Person48,137,Person137,5
48,Person48,36,Person36,5
50,Person50,32,Person32,1
50,Person50,25,Person25,1
50,Person50,160,Person160,2
50,Person50,197,Person197,2
50,Person50,44,Person44,2
50,Person50,78,Person78,3
50,Person50,181,Person181,3
50,Person50,14,Person14,3
50,Person50,85,Person85,3
50,Person50,130,Person130,3
50,Person50,7,Person7,3
50,Person50,9,Person9,4
50,Person50,90,Person90,5
50,Person50,96,Person96,5
50,Person50,103,Person103,5
50,Person50,40,Person40,5
50,Person50,53,Person53,5
50,Person50,3,Person3,5
51,Person51,3,Person3,3
51,Person51,61,Person61,3
51,Person51,177,Person177,4
51,Person51,151,Person151,4
51,Person51,96,Person96,4
51,Person51,4,Person4,4
51,Person51,43,Person43,4
51,Person51,17,Person17,4
51,Person51,128,Person128,5
51,Person51,9,Person9,5
51,Person51,77,Person77,5
51,Person51,143,Person143,5
51,Person51,135,Person135,5
51,Person51,51,Person51,5
51,Person51,172,Person172,5
51,Person51,82,Person82,5
51,Person51,107,Person107,5
51,Person51,144,Person144,5
51,Person51,185,Person185,5
52,Person52,142,Person142,1
52,Person52,62,Person62,1
52,Person52,82,Person82,1
52,Person52,9,Person9,1
52,Person52,86,Person86,1
52,Person52,61,Person61,1
52,Person52,14,Person14,2
52,Person52,60,Person60,2
52,Person52,156,Person156,2
52,Person52,102,Person102,3
52,Person52,163,Person163,4
52,Person52,148,Person148,4
52,Person52,137,Person137,4
52,Person52,48,Person48,4
52,Person52,127,Person127,4
52,Person52,107,Person107,5
52,Person52,160,Person160,5
52,Person52,183,Person183,5
52,Person52,175,Person175,5
52,Person52,64,Person64,5
53,Person53,60,Person60,3
53,Person53,54,Person54,3
53,Person53,183,Person183,3
53,Person53,102,Person102,3
53,Person53,55,Person55,3
53,Person53,142,Person142,3
53,Person53,146,Person146,4
53,Person53,78,Person78,4
53,Person53,137,Person137,4
53,Person53,81,Person81,4
53,Person53,107,Person107,4
53,Person53,62,Person62,4
53,Person53,177,Person177,4
53,Person53,160,Person160,5
53,Person53,86,Person86,5
53,Person53,103,Person103,5
53,Person53,3,Person3,5
54,Person54,75,Person75,1
54,Person54,71,Person71,1
54,Person54,125,Person125,2
54,Person54,60,Person60,2
54,Person54,55,Person55,2
54,Person54,110,Person110,2
54,Person54,183,Person183,3
54,Person54,29,Person29,4
54,Person54,139,Person139,4
54,Person54,85,Person85,4
54,Person54,108,Person108,5
54,Person54,64,Person64,5
54,Person54,161,Person161,5
55,Person55,126,Person126,3
55,Person55,81,Person81,3
55,Person55,29,Person29,3
55,Person55,97,Person97,3
55,Person55,71,Person71,3
55,Person55,60,Person60,4
55,Person55,21,Person21,4
55,Person55,63,Person63,4
55,Person55,102,Person102,4
55,Person55,54,Person54,4
55,Person55,64,Person64,5
55,Person55,110,Person110,5
55,Person55,161,Person161,5
58,Person58,85,Person85,1
58,Person58,145,Person145,2
58,Person58,4,Person4,2
58,Person58,105,Person105,3
58,Person58,185,Person185,3
58,Person58,43,Person43,3
58,Person58,131,Person131,3
58,Person58,45,Person45,3
58,Person58,59,Person59,3
58,Person58,46,Person46,3
58,Person58,44,Person44,4
58,Person58,83,Person83,4
58,Person58,172,Person172,5
59,Person59,30,Person30,1
59,Person59,128,Person128,2
59,Person59,181,Person181,2
59,Person59,84,Person84,2
59,Person59,198,Person198,2
59,Person59,138,Person138,3
59,Person59,89,Person89,3
59,Person59,10,Person10,3
59,Person59,143,Person143,3
59,Person59,96,Person96,4
59,Person59,95,Person95,4
59,Person59,192,Person192,4
59,Person59,33,Person33,5
59,Person59,25,Person25,5
59,Person59,15,Person15,5
59,Person59,124,Person124,5
60,Person60,195,Person195,
60,Person60,12,Person12,1
60,Person60,108,Person108,2
60,Person60,146,Person146,3
60,Person60,71,Person71,3
60,Person60,102,Person102,3
60,Person60,14,Person14,4
60,Person60,127,Person127,4
60,Person60,110,Person110,4
60,Person60,183,Person183,5
60,Person60,21,Person21,5
60,Person60,64,Person64,5
61,Person61,46,Person46,1
61,Person61,128,Person128,2
61,Person61,44,Person44,2
61,Person61,30,Person30,2
61,Person61,145,Person145,2
61,Person61,4,Person4,2
61,Person61,95,Person95,2
61,Person61,59,Person59,3
61,Person61,7,Person7,3
61,Person61,114,Person114,4
61,Person61,200,Person200,4
61,Person61,143,Person143,4
61,Person61,198,Person198,4
61,Person61,142,Person142,5
61,Person61,137,Person137,5
61,Person61,172,Person172,5
61,Person61,151,Person151,5
62,Person62,36,Person36,3
62,Person62,44,Person44,3
62,Person62,148,Person148,3
62,Person62,128,Person128,4
62,Person62,181,Person181,4
62,Person62,183,Person183,4
62,Person62,30,Person30,4
62,Person62,173,Person173,4
62,Person62,95,Person95,4
62,Person62,142,Person142,5
62,Person62,137,Person137,5
62,Person62,60,Person60,5
62,Person62,195,Person195,5
62,Person62,144,Person144,5
62,Person62,59,Person59,5
62,Person62,61,Person61,5
62,Person62,143,Person143,5
62,Person62,55,Person55,5
62,Person62,108,Person108,5
63,Person63,180,Person180,4
63,Person63,54,Person54,4
63,Person63,89,Person89,4
63,Person63,84,Person84,4
63,Person63,108,Person108,4
63,Person63,86,Person86,4
63,Person63,21,Person21,4
63,Person63,184,Person184,4
63,Person63,183,Person183,5
63,Person63,125,Person125,5
63,Person63,102,Person102,5
63,Person63,163,Person163,5
63,Person63,60,Person60,5
63,Person63,127,Person127,5
63,Person63,63,Person63,5
63,Person63,55,Person55,5
64,Person64,135,Person135,1
64,Person64,60,Person60,1
64,Person64,103,Person103,1
64,Person64,21,Person21,1
64,Person64,111,Person111,1
64,Person64,29,Person29,1
64,Person64,14,Person14,2
64,Person64,161,Person161,2
64,Person64,142,Person142,2
64,Person64,55,Person55,3
64,Person64,110,Person110,3
64,Person64,195,Person195,3
64,Person64,53,Person53,4
64,Person64,126,Person126,4
64,Person64,54,Person54,4
64,Person64,127,Person127,5
64,Person64,108,Person108,5
64,Person64,64,Person64,5
65,Person65,130,Person130,2
65,Person65,40,Person40,2
65,Person65,63,Person63,3
65,Person65,21,Person21,3
65,Person65,181,Person181,3
65,Person65,99,Person99,3
65,Person65,192,Person192,3
65,Person65,102,Person102,4
65,Person65,43,Person43,4
65,Person65,62,Person62,5
65,Person65,127,Person127,5
65,Person65,126,Person126,5
65,Person65,86,Person86,5
65,Person65,146,Person146,5
65,Person65,53,Person53,5
65,Person65,183,Person183,5
66,Person66,7,Person7,2
66,Person66,151,Person151,2
66,Person66,52,Person52,2
66,Person66,160,Person160,3
66,Person66,43,Person43,3
66,Person66,131,Person131,3
66,Person66,128,Person128,3
66,Person66,181,Person181,4
66,Person66,143,Person143,4
66,Person66,200,Person200,4
66,Person66,82,Person82,4
66,Person66,197,Person197,5
66,Person66,89,Person89,5
66,Person66,177,Person177,5
68,Person68,181,Person181,3
68,Person68,30,Person30,3
68,Person68,177,Person177,3
68,Person68,196,Person196,3
68,Person68,103,Person103,3
68,Person68,156,Person156,3
68,Person68,172,Person172,3
68,Person68,142,Person142,4
68,Person68,89,Person89,4
68,Person68,52,Person52,4
68,Person68,137,Person137,4
68,Person68,135,Person135,4
68,Person68,197,Person197,5
70,Person70,181,Person181,1
70,Person70,30,Person30,1
70,Person70,75,Person75,2
70,Person70,132,Person132,2
70,Person70,33,Person33,3
70,Person70,198,Person198,3
70,Person70,156,Person156,3
70,Person70,130,Person130,3
70,Person70,59,Person59,3
70,Person70,197,Person197,4
70,Person70,10,Person10,4
70,Person70,45,Person45,4
70,Person70,185,Person185,5
70,Person70,87,Person87,5
70,Person70,149,Person149,5
71,Person71,13,Person13,1
71,Person71,180,Person180,2
71,Person71,78,Person78,2
71,Person71,146,Person146,2
71,Person71,181,Person181,2
71,Person71,62,Person62,2
71,Person71,137,Person137,2
71,Person71,86,Person86,2
71,Person71,43,Person43,2
71,Person71,48,Person48,2
71,Person71,103,Person103,2
71,Person71,82,Person82,2
71,Person71,99,Person99,3
71,Person71,17,Person17,3
71,Person71,97,Person97,3
72,Person72,130,Person130,3
72,Person72,178,Person178,3
72,Person72,23,Person23,3
72,Person72,200,Person200,4
72,Person72,97,Person97,4
72,Person72,40,Person40,4
72,Person72,77,Person77,4
72,Person72,166,Person166,4
72,Person72,96,Person96,4
72,Person72,183,Person183,5
72,Person72,12,Person12,5
72,Person72,42,Person42,5
72,Person72,139,Person139,5
72,Person72,32,Person32,5
72,Person72,174,Person174,5
72,Person72,101,Person101,5
72,Person72,173,Person173,5
72,Person72,175,Person175,5
73,Person73,43,Person43,3
73,Person73,178,Person178,3
73,Person73,172,Person172,3
73,Person73,10,Person10,4
73,Person73,59,Person59,4
73,Person73,7,Person7,4
73,Person73,44,Person44,4
73,Person73,23,Person23,4
73,Person73,149,Person149,4
73,Person73,124,Person124,4
73,Person73,197,Person197,5
73,Person73,96,Person96,5
73,Person73,185,Person185,5
73,Person73,166,Person166,5
73,Person73,3,Person3,5
75,Person75,160,Person160,0
75,Person75,90,Person90,0
75,Person75,111,Person111,0
75,Person75,165,Person165,0
75,Person75,196,Person196,0
75,Person75,137,Person137,0
75,Person75,156,Person156,0
75,Person75,13,Person13,0
75,Person75,135,Person135,0
75,Person75,3,Person3,0
75,Person75,130,Person130,0
75,Person75,184,Person184,0
75,Person75,103,Person103,0
75,Person75,77,Person77,0
75,Person75,102,Person102,0
75,Person75,92,Person92,0
75,Person75,142,Person142,5
77,Person77,71,Person71,4
77,Person77,197,Person197,4
77,Person77,162,Person162,4
77,Person77,181,Person181,4
77,Person77,17,Person17,4
77,Person77,151,Person151,4
77,Person77,177,Person177,4
77,Person77,91,Person91,4
77,Person77,196,Person196,5
77,Person77,3,Person3,5
77,Person77,135,Person135,5
77,Person77,43,Person43,5
77,Person77,143,Person143,5
77,Person77,127,Person127,5
77,Person77,60,Person60,5
77,Person77,97,Person97,5
77,Person77,82,Person82,5
77,Person77,179,Person179,5
77,Person77,137,Person137,5
77,Person77,175,Person175,5
78,Person78,160,Person160,1
78,Person78,107,Person107,2
78,Person78,12,Person12,2
78,Person78,146,Person146,3
78,Person78,138,Person138,3
78,Person78,17,Person17,3
78,Person78,36,Person36,3
78,Person78,90,Person90,4
78,Person78,166,Person166,4
78,Person78,32,Person32,4
78,Person78,91,Person91,4
78,Person78,9,Person9,5
78,Person78,96,Person96,5
78,Person78,180,Person180,5
79,Person79,165,Person165,0
79,Person79,86,Person86,0
79,Person79,178,Person178,0
79,Person79,135,Person135,0
79,Person79,149,Person149,0
79,Person79,23,Person23,3
79,Person79,102,Person102,3
79,Person79,108,Person108,4
79,Person79,43,Person43,4
79,Person79,132,Person132,4
79,Person79,85,Person85,5
79,Person79,33,Person33,5
79,Person79,185,Person185,5
80,Person80,78,Person78,3
80,Person80,75,Person75,3
80,Person80,110,Person110,3
80,Person80,132,Person132,3
80,Person80,91,Person91,3
80,Person80,160,Person160,4
80,Person80,151,Person151,4
80,Person80,84,Person84,4
80,Person80,108,Person108,4
80,Person80,43,Person43,4
80,Person80,107,Person107,4
80,Person80,162,Person162,5
80,Person80,90,Person90,5
80,Person80,3,Person3,5
80,Person80,12,Person12,5
80,Person80,165,Person165,5
80,Person80,177,Person177,5
80,Person80,197,Person197,5
80,Person80,103,Person103,5
81,Person81,3,Person3,1
81,Person81,46,Person46,1
81,Person81,132,Person132,1
81,Person81,29,Person29,1
81,Person81,184,Person184,2
81,Person81,53,Person53,2
81,Person81,103,Person103,2
81,Person81,14,Person14,2
81,Person81,40,Person40,2
81,Person81,137,Person137,2
81,Person81,77,Person77,2
81,Person81,139,Person139,2
81,Person81,54,Person54,3
81,Person81,166,Person166,3
81,Person81,161,Person161,3
81,Person81,126,Person126,4
81,Person81,195,Person195,4
81,Person81,111,Person111,5
82,Person82,137,Person137,2
82,Person82,183,Person183,3
82,Person82,197,Person197,3
82,Person82,71,Person71,3
82,Person82,196,Person196,3
82,Person82,146,Person146,3
82,Person82,36,Person36,4
82,Person82,96,Person96,4
82,Person82,77,Person77,4
82,Person82,160,Person160,5
82,Person82,99,Person99,5
82,Person82,62,Person62,5
82,Person82,17,Person17,5
82,Person82,103,Person103,5
82,Person82,107,Person107,5
83,Person83,148,Person148,1
83,Person83,32,Person32,1
83,Person83,48,Person48,1
83,Person83,163,Person163,2
83,Person83,128,Person128,3
83,Person83,131,Person131,3
83,Person83,145,Person145,3
83,Person83,132,Person132,4
83,Person83,4,Person4,4
83,Person83,44,Person44,5
83,Person83,33,Person33,5
83,Person83,30,Person30,5
83,Person83,10,Person10,5
83,Person83,7,Person7,5
83,Person83,181,Person181,5
83,Person83,45,Person45,5
84,Person84,75,Person75,1
84,Person84,111,Person111,1
84,Person84,125,Person125,1
84,Person84,2,Person2,1
84,Person84,146,Person146,2
84,Person84,54,Person54,2
84,Person84,21,Person21,2
84,Person84,180,Person180,2
84,Person84,161,Person161,3
84,Person84,192,Person192,3
84,Person84,86,Person86,3
84,Person84,23,Person23,4
84,Person84,178,Person178,4
84,Person84,196,Person196,5
84,Person84,77,Person77,5
84,Person84,91,Person91,5
85,Person85,162,Person162,2
85,Person85,114,Person114,2
85,Person85,166,Person166,2
85,Person85,128,Person128,3
85,Person85,95,Person95,3
85,Person85,178,Person178,3
85,Person85,7,Person7,3
85,Person85,10,Person10,3
85,Person85,30,Person30,3
85,Person85,142,Person142,4
85,Person85,197,Person197,4
85,Person85,59,Person59,4
85,Person85,4,Person4,4
85,Person85,61,Person61,4
85,Person85,87,Person87,5
85,Person85,149,Person149,5
85,Person85,38,Person38,5
86,Person86,17,Person17,3
86,Person86,2,Person2,3
86,Person86,103,Person103,3
86,Person86,97,Person97,3
86,Person86,198,Person198,3
86,Person86,138,Person138,4
86,Person86,62,Person62,4
86,Person86,166,Person166,4
86,Person86,43,Person43,4
86,Person86,53,Person53,4
86,Person86,126,Person126,4
86,Person86,91,Person91,4
86,Person86,78,Person78,5
86,Person86,90,Person90,5
86,Person86,9,Person9,5
86,Person86,197,Person197,5
86,Person86,177,Person177,5
87,Person87,85,Person85,1
87,Person87,89,Person89,1
87,Person87,181,Person181,2
87,Person87,142,Person142,2
87,Person87,10,Person10,2
87,Person87,59,Person59,2
87,Person87,75,Person75,3
87,Person87,9,Person9,3
87,Person87,43,Person43,3
87,Person87,15,Person15,3
87,Person87,198,Person198,3
87,Person87,184,Person184,3
87,Person87,90,Person90,4
87,Person87,124,Person124,4
87,Person87,197,Person197,5
87,Person87,105,Person105,5
87,Person87,165,Person165,5
87,Person87,52,Person52,5
89,Person89,9,Person9,3
89,Person89,185,Person185,3
89,Person89,198,Person198,3
89,Person89,130,Person130,3
89,Person89,12,Person12,3
89,Person89,17,Person17,3
89,Person89,33,Person33,4
89,Person89,173,Person173,4
89,Person89,101,Person101,4
89,Person89,139,Person139,4
89,Person89,149,Person149,4
89,Person89,143,Person143,4
89,Person89,90,Person90,4
89,Person89,174,Person174,5
89,Person89,4,Person4,5
89,Person89,82,Person82,5
90,Person90,183,Person183,1
90,Person90,10,Person10,1
90,Person90,184,Person184,1
90,Person90,126,Person126,1
90,Person90,17,Person17,2
90,Person90,107,Person107,2
90,Person90,179,Person179,2
90,Person90,82,Person82,2
90,Person90,12,Person12,2
90,Person90,138,Person138,3
90,Person90,87,Person87,3
90,Person90,127,Person127,3
90,Person90,173,Person173,4
90,Person90,137,Person137,4
90,Person90,103,Person103,4
90,Person90,192,Person192,4
90,Person90,160,Person160,5
90,Person90,195,Person195,5
90,Person90,197,Person197,5
91,Person91,54,Person54,2
91,Person91,92,Person92,2
91,Person91,87,Person87,2
91,Person91,42,Person42,2
91,Person91,75,Person75,3
91,Person91,195,Person195,3
91,Person91,137,Person137,3
91,Person91,32,Person32,3
91,Person91,38,Person38,3
91,Person91,36,Person36,4
91,Person91,166,Person166,4
91,Person91,108,Person108,4
91,Person91,3,Person3,4
91,Person91,132,Person132,4
91,Person91,90,Person90,5
91,Person91,2,Person2,5
91,Person91,138,Person138,5
91,Person91,197,Person197,5
91,Person91,156,Person156,5
91,Person91,177,Person177,5
92,Person92,75,Person75,3
92,Person92,111,Person111,3
92,Person92,99,Person99,3
92,Person92,84,Person84,3
92,Person92,108,Person108,3
92,Person92,43,Person43,3
92,Person92,161,Person161,3
92,Person92,60,Person60,3
92,Person92,54,Person54,3
92,Person92,86,Person86,3
92,Person92,123,Person123,4
92,Person92,166,Person166,4
92,Person92,125,Person125,4
92,Person92,163,Person163,4
92,Person92,175,Person175,4
92,Person92,29,Person29,4
92,Person92,64,Person64,4
92,Person92,55,Person55,4
92,Person92,46,Person46,5
92,Person92,71,Person71,5
95,Person95,195,Person195,1
95,Person95,142,Person142,1
95,Person95,177,Person177,1
95,Person95,90,Person90,2
95,Person95,181,Person181,2
95,Person95,36,Person36,3
95,Person95,197,Person197,3
95,Person95,10,Person10,3
95,Person95,145,Person145,3
95,Person95,32,Person32,3
95,Person95,198,Person198,3
95,Person95,33,Person33,4
95,Person95,38,Person38,4
95,Person95,128,Person128,5
95,Person95,85,Person85,5
95,Person95,95,Person95,5
95,Person95,151,Person151,5
96,Person96,7,Person7,3
96,Person96,200,Person200,3
96,Person96,175,Person175,3
96,Person96,60,Person60,3
96,Person96,32,Person32,3
96,Person96,102,Person102,4
96,Person96,124,Person124,4
96,Person96,85,Person85,4
96,Person96,90,Person90,4
96,Person96,197,Person197,5
96,Person96,138,Person138,5
98,Person98,185,Person185,2
98,Person98,10,Person10,2
98,Person98,30,Person30,2
98,Person98,142,Person142,3
98,Person98,144,Person144,3
98,Person98,131,Person131,3
98,Person98,59,Person59,3
98,Person98,143,Person143,3
98,Person98,160,Person160,3
98,Person98,128,Person128,4
98,Person98,162,Person162,4
98,Person98,181,Person181,5
98,Person98,137,Person137,5
98,Person98,48,Person48,5
98,Person98,200,Person200,5
98,Person98,172,Person172,5
99,Person99,64,Person64,0
99,Person99,75,Person75,1
99,Person99,123,Person123,1
99,Person99,183,Person183,1
99,Person99,25,Person25,2
99,Person99,81,Person81,2
99,Person99,77,Person77,2
99,Person99,166,Person166,2
99,Person99,174,Person174,3
99,Person99,32,Person32,3
99,Person99,198,Person198,3
99,Person99,196,Person196,3
99,Person99,17,Person17,4
99,Person99,87,Person87,4
99,Person99,192,Person192,4
99,Person99,15,Person15,4
99,Person99,126,Person126,4
99,Person99,197,Person197,5
101,Person101,21,Person21,1
101,Person101,77,Person77,1
101,Person101,143,Person143,1
101,Person101,175,Person175,1
101,Person101,43,Person43,1
101,Person101,198,Person198,1
101,Person101,32,Person32,1
101,Person101,151,Person151,2
101,Person101,97,Person97,2
101,Person101,179,Person179,2
101,Person101,137,Person137,3
101,Person101,139,Person139,3
101,Person101,10,Person10,3
101,Person101,12,Person12,4
101,Person101,174,Person174,4
101,Person101,101,Person101,5
102,Person102,198,Person198,2
102,Person102,86,Person86,2
102,Person102,3,Person3,3
102,Person102,146,Person146,3
102,Person102,163,Person163,3
102,Person102,172,Person172,3
102,Person102,55,Person55,3
102,Person102,139,Person139,3
102,Person102,183,Person183,4
102,Person102,62,Person62,4
102,Person102,161,Person161,4
102,Person102,63,Person63,4
102,Person102,127,Person127,4
102,Person102,126,Person126,5
102,Person102,180,Person180,5
102,Person102,107,Person107,5
103,Person103,21,Person21,2
103,Person103,48,Person48,2
103,Person103,60,Person60,2
103,Person103,137,Person137,3
103,Person103,55,Person55,3
103,Person103,107,Person107,3
103,Person103,148,Person148,3
103,Person103,97,Person97,4
103,Person103,127,Person127,4
103,Person103,192,Person192,4
103,Person103,135,Person135,4
103,Person103,151,Person151,4
103,Person103,197,Person197,4
103,Person103,102,Person102,4
103,Person103,51,Person51,4
103,Person103,181,Person181,5
104,Person104,197,Person197,3
104,Person104,2,Person2,3
104,Person104,102,Person102,3
104,Person104,21,Person21,3
104,Person104,87,Person87,3
104,Person104,162,Person162,4
104,Person104,64,Person64,4
104,Person104,130,Person130,4
104,Person104,192,Person192,4
104,Person104,103,Person103,4
104,Person104,160,Person160,5
104,Person104,181,Person181,5
104,Person104,92,Person92,5
104,Person104,29,Person29,5
104,Person104,48,Person48,5
104,Person104,52,Person52,5
104,Person104,90,Person90,5
105,Person105,75,Person75,2
105,Person105,156,Person156,2
105,Person105,132,Person132,2
105,Person105,4,Person4,2
105,Person105,44,Person44,3
105,Person105,43,Person43,3
105,Person105,48,Person48,3
105,Person105,85,Person85,4
105,Person105,130,Person130,4
105,Person105,151,Person151,4
105,Person105,173,Person173,5
106,Person106,146,Person146,3
106,Person106,197,Person197,3
106,Person106,151,Person151,3
106,Person106,59,Person59,3
106,Person106,184,Person184,3
106,Person106,161,Person161,3
106,Person106,162,Person162,3
106,Person106,183,Person183,4
106,Person106,181,Person181,4
106,Person106,142,Person142,4
106,Person106,108,Person108,4
106,Person106,126,Person126,4
106,Person106,137,Person137,4
106,Person106,178,Person178,4
106,Person106,175,Person175,4
106,Person106,127,Person127,4
106,Person106,30,Person30,4
106,Person106,90,Person90,5
106,Person106,85,Person85,5
106,Person106,179,Person179,5
107,Person107,12,Person12,2
107,Person107,52,Person52,3
107,Person107,175,Person175,3
107,Person107,77,Person77,3
107,Person107,99,Person99,3
107,Person107,137,Person137,3
107,Person107,142,Person142,3
107,Person107,108,Person108,4
107,Person107,43,Person43,4
107,Person107,198,Person198,4
107,Person107,148,Person148,4
107,Person107,181,Person181,5
107,Person107,177,Person177,5
107,Person107,82,Person82,5
107,Person107,3,Person3,5
107,Person107,160,Person160,5
107,Person107,75,Person75,5
107,Person107,48,Person48,5
108,Person108,142,Person142,3
108,Person108,111,Person111,3
108,Person108,166,Person166,3
108,Person108,177,Person177,3
108,Person108,137,Person137,3
108,Person108,139,Person139,3
108,Person108,54,Person54,4
108,Person108,71,Person71,4
108,Person108,160,Person160,4
108,Person108,36,Person36,5
108,Person108,85,Person85,5
108,Person108,195,Person195,5
108,Person108,107,Person107,5
108,Person108,127,Person127,5
108,Person108,110,Person110,5
108,Person108,64,Person64,5
108,Person108,52,Person52,5
109,Person109,142,Person142,2
109,Person109,2,Person2,2
109,Person109,21,Person21,2
109,Person109,137,Person137,2
109,Person109,107,Person107,3
109,Person109,81,Person81,3
109,Person109,161,Person161,3
109,Person109,54,Person54,3
109,Person109,90,Person90,4
109,Person109,111,Person111,4
109,Person109,196,Person196,4
109,Person109,108,Person108,4
109,Person109,197,Person197,4
109,Person109,60,Person60,4
109,Person109,160,Person160,4
109,Person109,181,Person181,5
109,Person109,14,Person14,5
109,Person109,91,Person91,5
109,Person109,86,Person86,5
109,Person109,103,Person103,5
110,Person110,95,Person95,2
110,Person110,148,Person148,2
110,Person110,131,Person131,3
110,Person110,82,Person82,3
110,Person110,91,Person91,3
110,Person110,142,Person142,3
110,Person110,30,Person30,3
110,Person110,60,Person60,3
110,Person110,137,Person137,3
110,Person110,14,Person14,4
110,Person110,71,Person71,4
110,Person110,127,Person127,4
110,Person110,36,Person36,5
110,Person110,54,Person54,5
110,Person110,64,Person64,5
110,Person110,85,Person85,5
110,Person110,107,Person107,5
110,Person110,55,Person55,5
111,Person111,90,Person90,3
111,Person111,146,Person146,3
111,Person111,85,Person85,3
111,Person111,54,Person54,3
111,Person111,62,Person62,3
111,Person111,92,Person92,3
111,Person111,102,Person102,3
111,Person111,161,Person161,3
111,Person111,21,Person21,3
111,Person111,107,Person107,3
111,Person111,55,Person55,3
111,Person111,91,Person91,3
111,Person111,142,Person142,4
111,Person111,99,Person99,4
111,Person111,71,Person71,4
111,Person111,108,Person108,4
111,Person111,127,Person127,4
111,Person111,110,Person110,4
111,Person111,101,Person101,5
111,Person111,139,Person139,5
112,Person112,111,Person111,3
112,Person112,99,Person99,3
112,Person112,48,Person48,3
112,Person112,198,Person198,3
112,Person112,127,Person127,3
112,Person112,183,Person183,4
112,Person112,195,Person195,4
112,Person112,71,Person71,4
112,Person112,97,Person97,4
112,Person112,103,Person103,4
112,Person112,17,Person17,4
112,Person112,82,Person82,4
112,Person112,181,Person181,5
112,Person112,196,Person196,5
112,Person112,137,Person137,5
112,Person112,12,Person12,5
112,Person112,77,Person77,5
112,Person112,54,Person54,5
112,Person112,92,Person92,5
112,Person112,139,Person139,5
113,Person113,165,Person165,0
113,Person113,43,Person43,0
113,Person113,21,Person21,0
113,Person113,172,Person172,0
113,Person113,192,Person192,0
113,Person113,10,Person10,0
113,Person113,177,Person177,0
113,Person113,81,Person81,1
113,Person113,90,Person90,1
113,Person113,108,Person108,2
113,Person113,151,Person151,2
113,Person113,3,Person3,3
113,Person113,25,Person25,4
113,Person113,130,Person130,5
113,Person113,179,Person179,5
113,Person113,156,Person156,5
113,Person113,198,Person198,5
113,Person113,132,Person132,5
114,Person114,85,Person85,3
114,Person114,149,Person149,3
114,Person114,59,Person59,3
114,Person114,33,Person33,4
114,Person114,23,Person23,4
114,Person114,192,Person192,4
114,Person114,44,Person44,5
114,Person114,130,Person130,5
115,Person115,78,Person78,2
115,Person115,128,Person128,2
115,Person115,137,Person137,2
115,Person115,48,Person48,2
115,Person115,179,Person179,2
115,Person115,200,Person200,2
115,Person115,142,Person142,3
115,Person115,23,Person23,3
115,Person115,103,Person103,3
115,Person115,149,Person149,3
115,Person115,51,Person51,4
115,Person115,185,Person185,4
115,Person115,178,Person178,4
115,Person115,135,Person135,4
115,Person115,198,Person198,5
116,Person116,137,Person137,1
116,Person116,53,Person53,1
116,Person116,126,Person126,1
116,Person116,179,Person179,2
116,Person116,90,Person90,3
116,Person116,142,Person142,4
116,Person116,135,Person135,4
116,Person116,103,Person103,5
116,Person116,51,Person51,5
116,Person116,197,Person197,5
122,Person122,54,Person54,4
122,Person122,89,Person89,4
122,Person122,84,Person84,4
122,Person122,86,Person86,4
122,Person122,21,Person21,4
122,Person122,108,Person108,4
122,Person122,184,Person184,4
122,Person122,102,Person102,5
122,Person122,183,Person183,5
122,Person122,180,Person180,5
122,Person122,125,Person125,5
122,Person122,163,Person163,5
122,Person122,63,Person63,5
122,Person122,60,Person60,5
122,Person122,127,Person127,5
122,Person122,55,Person55,5
123,Person123,14,Person14,1
123,Person123,78,Person78,2
123,Person123,75,Person75,2
123,Person123,90,Person90,2
123,Person123,43,Person43,2
123,Person123,36,Person36,3
123,Person123,179,Person179,3
123,Person123,91,Person91,3
123,Person123,166,Person166,4
123,Person123,111,Person111,5
123,Person123,107,Person107,5
124,Person124,97,Person97,1
124,Person124,29,Person29,1
124,Person124,107,Person107,2
124,Person124,95,Person95,2
124,Person124,128,Person128,3
124,Person124,90,Person90,3
124,Person124,85,Person85,3
124,Person124,43,Person43,4
124,Person124,149,Person149,4
124,Person124,151,Person151,4
126,Person126,197,Person197,0
126,Person126,111,Person111,0
126,Person126,99,Person99,0
126,Person126,62,Person62,0
126,Person126,185,Person185,0
126,Person126,163,Person163,0
126,Person126,108,Person108,0
126,Person126,135,Person135,0
126,Person126,184,Person184,0
126,Person126,103,Person103,0
126,Person126,178,Person178,0
126,Person126,161,Person161,0
126,Person126,101,Person101,0
126,Person126,195,Person195,1
126,Person126,146,Person146,2
126,Person126,54,Person54,2
126,Person126,183,Person183,4
126,Person126,90,Person90,5
126,Person126,142,Person142,5
127,Person127,195,Person195,0
127,Person127,146,Person146,0
127,Person127,111,Person111,0
127,Person127,173,Person173,0
127,Person127,71,Person71,0
127,Person127,163,Person163,0
127,Person127,108,Person108,0
127,Person127,101,Person101,0
127,Person127,137,Person137,0
127,Person127,86,Person86,0
127,Person127,21,Person21,0
127,Person127,63,Person63,1
127,Person127,102,Person102,3
127,Person127,29,Person29,4
127,Person127,54,Person54,5
128,Person128,44,Person44,2
128,Person128,181,Person181,2
128,Person128,30,Person30,2
128,Person128,9,Person9,2
128,Person128,83,Person83,2
128,Person128,59,Person59,2
128,Person128,114,Person114,3
128,Person128,149,Person149,3
128,Person128,85,Person85,4
128,Person128,51,Person51,5
128,Person128,38,Person38,5
128,Person128,137,Person137,5
128,Person128,10,Person10,5
128,Person128,185,Person185,5
128,Person128,130,Person130,5
128,Person128,48,Person48,5
131,Person131,48,Person48,1
131,Person131,61,Person61,2
131,Person131,103,Person103,2
131,Person131,137,Person137,2
131,Person131,151,Person151,3
131,Person131,145,Person145,3
131,Person131,144,Person144,3
131,Person131,197,Person197,3
131,Person131,33,Person33,3
131,Person131,181,Person181,4
131,Person131,200,Person200,4
131,Person131,10,Person10,4
131,Person131,51,Person51,5
131,Person131,185,Person185,5
132,Person132,200,Person200,2
132,Person132,64,Person64,2
132,Person132,33,Person33,2
132,Person132,198,Person198,3
132,Person132,53,Person53,3
132,Person132,197,Person197,3
132,Person132,30,Person30,3
132,Person132,96,Person96,3
132,Person132,83,Person83,3
132,Person132,44,Person44,3
132,Person132,45,Person45,3
132,Person132,59,Person59,3
132,Person132,75,Person75,4
132,Person132,36,Person36,4
132,Person132,143,Person143,4
132,Person132,156,Person156,4
132,Person132,63,Person63,4
132,Person132,10,Person10,4
132,Person132,123,Person123,4
132,Person132,4,Person4,4
133,Person133,38,Person38,1
133,Person133,40,Person40,1
133,Person133,130,Person130,1
133,Person133,75,Person75,2
133,Person133,131,Person131,2
133,Person133,172,Person172,2
133,Person133,200,Person200,2
133,Person133,81,Person81,2
133,Person133,146,Person146,2
133,Person133,105,Person105,2
133,Person133,123,Person123,4
133,Person133,43,Person43,4
133,Person133,53,Person53,4
133,Person133,156,Person156,4
133,Person133,198,Person198,4
133,Person133,197,Person197,5
133,Person133,177,Person177,5
133,Person133,179,Person179,5
133,Person133,132,Person132,5
135,Person135,162,Person162,0
135,Person135,36,Person36,0
135,Person135,160,Person160,0
135,Person135,177,Person177,0
135,Person135,200,Person200,0
135,Person135,143,Person143,0
135,Person135,51,Person51,2
135,Person135,52,Person52,2
135,Person135,181,Person181,3
135,Person135,197,Person197,3
135,Person135,144,Person144,3
135,Person135,185,Person185,3
135,Person135,148,Person148,3
135,Person135,142,Person142,5
135,Person135,137,Person137,5
135,Person135,103,Person103,5
136,Person136,60,Person60,0
136,Person136,135,Person135,0
136,Person136,151,Person151,0
136,Person136,126,Person126,0
136,Person136,13,Person13,0
136,Person136,3,Person3,1
136,Person136,21,Person21,2
136,Person136,43,Person43,2
136,Person136,161,Person161,3
136,Person136,179,Person179,3
136,Person136,178,Person178,4
136,Person136,23,Person23,4
136,Person136,103,Person103,5
136,Person136,53,Person53,5
136,Person136,192,Person192,5
136,Person136,107,Person107,5
136,Person136,142,Person142,5
137,Person137,160,Person160,0
137,Person137,138,Person138,0
137,Person137,185,Person185,0
137,Person137,99,Person99,1
137,Person137,111,Person111,2
137,Person137,52,Person52,2
137,Person137,108,Person108,2
137,Person137,195,Person195,4
137,Person137,89,Person89,4
137,Person137,197,Person197,5
137,Person137,196,Person196,5
137,Person137,48,Person48,5
137,Person137,200,Person200,5
137,Person137,110,Person110,5
138,Person138,43,Person43,2
138,Person138,192,Person192,2
138,Person138,163,Person163,3
138,Person138,196,Person196,3
138,Person138,77,Person77,3
138,Person138,3,Person3,3
138,Person138,197,Person197,4
138,Person138,96,Person96,4
138,Person138,102,Person102,4
138,Person138,179,Person179,4
138,Person138,53,Person53,4
138,Person138,32,Person32,5
139,Person139,197,Person197,
139,Person139,54,Person54,3
139,Person139,78,Person78,4
139,Person139,84,Person84,4
139,Person139,166,Person166,4
139,Person139,25,Person25,4
139,Person139,14,Person14,4
139,Person139,127,Person127,4
139,Person139,184,Person184,4
139,Person139,126,Person126,4
139,Person139,102,Person102,5
139,Person139,101,Person101,5
139,Person139,42,Person42,5
139,Person139,12,Person12,5
139,Person139,175,Person175,5
141,Person141,48,Person48,1
141,Person141,75,Person75,2
141,Person141,128,Person128,2
141,Person141,51,Person51,2
141,Person141,9,Person9,2
141,Person141,160,Person160,3
141,Person141,181,Person181,3
141,Person141,177,Person177,3
141,Person141,131,Person131,3
141,Person141,200,Person200,3
141,Person141,30,Person30,4
141,Person141,197,Person197,4
141,Person141,145,Person145,4
141,Person141,135,Person135,4
141,Person141,46,Person46,4
141,Person141,90,Person90,5
141,Person141,172,Person172,5
142,Person142,195,Person195,2
142,Person142,181,Person181,2
142,Person142,30,Person30,2
142,Person142,9,Person9,2
142,Person142,197,Person197,2
142,Person142,111,Person111,2
142,Person142,173,Person173,2
142,Person142,84,Person84,2
142,Person142,71,Person71,2
142,Person142,123,Person123,3
142,Person142,10,Person10,3
142,Person142,174,Person174,3
142,Person142,110,Person110,4
142,Person142,162,Person162,4
142,Person142,75,Person75,4
142,Person142,89,Person89,4
142,Person142,165,Person165,4
142,Person142,46,Person46,4
142,Person142,135,Person135,5
142,Person142,177,Person177,5
143,Person143,160,Person160,1
143,Person143,138,Person138,2
143,Person143,128,Person128,3
143,Person143,30,Person30,3
143,Person143,185,Person185,3
143,Person143,165,Person165,3
143,Person143,10,Person10,3
143,Person143,131,Person131,3
143,Person143,14,Person14,3
143,Person143,149,Person149,3
143,Person143,172,Person172,3
143,Person143,132,Person132,3
143,Person143,107,Person107,4
143,Person143,156,Person156,4
143,Person143,61,Person61,4
143,Person143,181,Person181,5
144,Person144,96,Person96,4
144,Person144,33,Person33,4
144,Person144,10,Person10,4
144,Person144,87,Person87,4
144,Person144,59,Person59,4
144,Person144,197,Person197,4
144,Person144,114,Person114,4
144,Person144,44,Person44,5
144,Person144,181,Person181,5
144,Person144,30,Person30,5
144,Person144,95,Person95,5
144,Person144,166,Person166,5
144,Person144,83,Person83,5
144,Person144,131,Person131,5
144,Person144,4,Person4,5
144,Person144,34,Person34,5
144,Person144,111,Person111,5
144,Person144,45,Person45,5
144,Person144,75,Person75,5
144,Person144,128,Person128,5
145,Person145,34,Person34,1
145,Person145,44,Person44,2
145,Person145,165,Person165,2
145,Person145,131,Person131,2
145,Person145,45,Person45,2
145,Person145,200,Person200,2
145,Person145,185,Person185,3
145,Person145,83,Person83,3
145,Person145,38,Person38,3
145,Person145,156,Person156,3
145,Person145,172,Person172,3
145,Person145,130,Person130,3
145,Person145,4,Person4,3
145,Person145,75,Person75,4
145,Person145,33,Person33,4
146,Person146,183,Person183,5
146,Person146,146,Person146,5
146,Person146,54,Person54,5
146,Person146,180,Person180,5
146,Person146,71,Person71,5
146,Person146,125,Person125,5
146,Person146,102,Person102,5
146,Person146,163,Person163,5
146,Person146,86,Person86,5
146,Person146,174,Person174,5
146,Person146,161,Person161,5
146,Person146,21,Person21,5
146,Person146,63,Person63,5
146,Person146,127,Person127,5
146,Person146,184,Person184,5
146,Person146,126,Person126,5
146,Person146,60,Person60,5
146,Person146,55,Person55,5
148,Person148,146,Person146,
148,Person148,177,Person177,
148,Person148,178,Person178,
148,Person148,77,Person77,
149,Person149,95,Person95,0
149,Person149,130,Person130,0
149,Person149,7,Person7,2
149,Person149,9,Person9,3
149,Person149,144,Person144,3
149,Person149,114,Person114,3
149,Person149,192,Person192,3
149,Person149,142,Person142,4
149,Person149,10,Person10,4
149,Person149,198,Person198,5
151,Person151,30,Person30,2
151,Person151,53,Person53,2
151,Person151,90,Person90,3
151,Person151,85,Person85,3
151,Person151,137,Person137,3
151,Person151,178,Person178,3
151,Person151,179,Person179,3
151,Person151,124,Person124,3
151,Person151,132,Person132,3
151,Person151,181,Person181,4
151,Person151,142,Person142,4
151,Person151,10,Person10,4
151,Person151,131,Person131,4
151,Person151,149,Person149,4
151,Person151,143,Person143,4
151,Person151,46,Person46,4
151,Person151,59,Person59,4
151,Person151,128,Person128,5
151,Person151,185,Person185,5
153,Person153,78,Person78,3
153,Person153,85,Person85,3
153,Person153,52,Person52,3
153,Person153,173,Person173,4
153,Person153,139,Person139,4
153,Person153,36,Person36,5
153,Person153,9,Person9,5
153,Person153,174,Person174,5
153,Person153,12,Person12,5
155,Person155,54,Person54,0
155,Person155,86,Person86,0
155,Person155,40,Person40,0
155,Person155,149,Person149,0
155,Person155,64,Person64,0
155,Person155,102,Person102,2
155,Person155,130,Person130,2
155,Person155,146,Person146,3
155,Person155,181,Person181,3
155,Person155,197,Person197,3
155,Person155,160,Person160,4
155,Person155,99,Person99,4
155,Person155,200,Person200,4
155,Person155,43,Person43,5
155,Person155,25,Person25,5
156,Person156,75,Person75,3
156,Person156,136,Person136,3
156,Person156,36,Person36,4
156,Person156,111,Person111,4
156,Person156,92,Person92,4
156,Person156,43,Person43,4
156,Person156,77,Person77,4
156,Person156,14,Person14,4
156,Person156,132,Person132,4
156,Person156,64,Person64,4
156,Person156,183,Person183,5
156,Person156,44,Person44,5
156,Person156,54,Person54,5
156,Person156,30,Person30,5
156,Person156,87,Person87,5
156,Person156,91,Person91,5
157,Person157,111,Person111,1
157,Person157,43,Person43,1
157,Person157,127,Person127,2
157,Person157,75,Person75,2
157,Person157,84,Person84,2
157,Person157,161,Person161,2
157,Person157,32,Person32,2
157,Person157,179,Person179,3
157,Person157,183,Person183,3
157,Person157,165,Person165,3
157,Person157,125,Person125,3
157,Person157,55,Person55,4
157,Person157,85,Person85,4
157,Person157,195,Person195,5
157,Person157,71,Person71,5
157,Person157,108,Person108,5
157,Person157,110,Person110,5
157,Person157,184,Person184,5
157,Person157,91,Person91,5
158,Person158,96,Person96,0
158,Person158,25,Person25,0
158,Person158,149,Person149,0
158,Person158,135,Person135,0
158,Person158,9,Person9,0
158,Person158,197,Person197,0
158,Person158,23,Person23,0
158,Person158,145,Person145,0
158,Person158,43,Person43,0
158,Person158,75,Person75,5
158,Person158,195,Person195,5
158,Person158,85,Person85,5
158,Person158,142,Person142,5
158,Person158,185,Person185,5
158,Person158,151,Person151,5
158,Person158,4,Person4,5
159,Person159,75,Person75,
159,Person159,183,Person183,
159,Person159,126,Person126,
159,Person159,12,Person12,
159,Person159,108,Person108,
159,Person159,163,Person163,
159,Person159,146,Person146,
159,Person159,197,Person197,
159,Person159,111,Person111,
159,Person159,102,Person102,
159,Person159,3,Person3,
159,Person159,184,Person184,
159,Person159,175,Person175,
159,Person159,29,Person29,
159,Person159,42,Person42,
159,Person159,55,Person55,
159,Person159,60,Person60,
159,Person159,127,Person127,
159,Person159,63,Person63,
160,Person160,108,Person108,1
160,Person160,36,Person36,2
160,Person160,62,Person62,2
160,Person160,102,Person102,2
160,Person160,127,Person127,2
160,Person160,144,Person144,3
160,Person160,131,Person131,3
160,Person160,181,Person181,4
160,Person160,52,Person52,4
160,Person160,174,Person174,4
160,Person160,107,Person107,4
160,Person160,172,Person172,4
160,Person160,142,Person142,5
160,Person160,177,Person177,5
160,Person160,137,Person137,5
160,Person160,156,Person156,5
161,Person161,60,Person60,2
161,Person161,183,Person183,3
161,Person161,111,Person111,3
161,Person161,125,Person125,3
161,Person161,107,Person107,3
161,Person161,29,Person29,3
161,Person161,146,Person146,3
161,Person161,51,Person51,3
161,Person161,160,Person160,4
161,Person161,89,Person89,4
161,Person161,92,Person92,4
161,Person161,64,Person64,4
161,Person161,138,Person138,4
161,Person161,197,Person197,4
161,Person161,71,Person71,4
161,Person161,97,Person97,4
161,Person161,126,Person126,4
161,Person161,75,Person75,5
162,Person162,128,Person128,1
162,Person162,3,Person3,2
162,Person162,103,Person103,2
162,Person162,197,Person197,3
162,Person162,142,Person142,3
162,Person162,178,Person178,3
162,Person162,200,Person200,4
162,Person162,192,Person192,4
162,Person162,97,Person97,4
162,Person162,177,Person177,4
162,Person162,138,Person138,4
162,Person162,71,Person71,4
162,Person162,13,Person13,5
162,Person162,36,Person36,5
162,Person162,107,Person107,5
162,Person162,17,Person17,5
162,Person162,9,Person9,5
162,Person162,78,Person78,5
162,Person162,51,Person51,5
163,Person163,78,Person78,5
163,Person163,146,Person146,5
163,Person163,195,Person195,5
163,Person163,197,Person197,5
163,Person163,111,Person111,5
163,Person163,71,Person71,5
163,Person163,125,Person125,5
163,Person163,2,Person2,5
163,Person163,102,Person102,5
163,Person163,196,Person196,5
163,Person163,108,Person108,5
163,Person163,101,Person101,5
163,Person163,86,Person86,5
163,Person163,21,Person21,5
163,Person163,107,Person107,5
163,Person163,127,Person127,5
163,Person163,55,Person55,5
165,Person165,99,Person99,3
165,Person165,101,Person101,3
165,Person165,25,Person25,3
165,Person165,132,Person132,3
165,Person165,138,Person138,3
165,Person165,96,Person96,3
165,Person165,75,Person75,4
165,Person165,9,Person9,4
165,Person165,173,Person173,4
165,Person165,174,Person174,4
165,Person165,14,Person14,4
165,Person165,156,Person156,4
165,Person165,192,Person192,4
165,Person165,64,Person64,4
165,Person165,126,Person126,4
165,Person165,23,Person23,4
165,Person165,107,Person107,5
166,Person166,192,Person192,1
166,Person166,101,Person101,2
166,Person166,139,Person139,2
166,Person166,75,Person75,3
166,Person166,90,Person90,3
166,Person166,54,Person54,3
166,Person166,87,Person87,3
166,Person166,179,Person179,3
166,Person166,25,Person25,3
166,Person166,40,Person40,3
166,Person166,60,Person60,3
166,Person166,183,Person183,4
166,Person166,96,Person96,4
166,Person166,125,Person125,4
166,Person166,175,Person175,4
166,Person166,138,Person138,5
168,Person168,54,Person54,3
168,Person168,111,Person111,3
168,Person168,196,Person196,3
168,Person168,107,Person107,3
168,Person168,12,Person12,3
168,Person168,85,Person85,4
168,Person168,86,Person86,4
168,Person168,63,Person63,4
168,Person168,110,Person110,4
168,Person168,146,Person146,5
168,Person168,195,Person195,5
168,Person168,2,Person2,5
168,Person168,102,Person102,5
168,Person168,21,Person21,5
168,Person168,127,Person127,5
168,Person168,55,Person55,5
168,Person168,60,Person60,5
168,Person168,183,Person183,5
171,Person171,90,Person90,2
171,Person171,103,Person103,2
171,Person171,162,Person162,3
171,Person171,96,Person96,3
171,Person171,137,Person137,3
171,Person171,48,Person48,4
171,Person171,181,Person181,5
171,Person171,9,Person9,5
171,Person171,197,Person197,5
171,Person171,52,Person52,5
171,Person171,107,Person107,5
172,Person172,23,Person23,1
172,Person172,51,Person51,2
172,Person172,177,Person177,2
172,Person172,9,Person9,2
172,Person172,96,Person96,2
172,Person172,181,Person181,3
172,Person172,142,Person142,3
172,Person172,128,Person128,4
172,Person172,197,Person197,4
172,Person172,200,Person200,4
172,Person172,46,Person46,4
172,Person172,90,Person90,4
172,Person172,144,Person144,5
172,Person172,43,Person43,5
172,Person172,97,Person97,5
173,Person173,10,Person10,1
173,Person173,103,Person103,1
173,Person173,144,Person144,2
173,Person173,38,Person38,2
173,Person173,131,Person131,2
173,Person173,75,Person75,3
173,Person173,142,Person142,3
173,Person173,125,Person125,3
173,Person173,181,Person181,4
173,Person173,89,Person89,4
173,Person173,166,Person166,4
173,Person173,192,Person192,4
173,Person173,90,Person90,5
173,Person173,44,Person44,5
173,Person173,83,Person83,5
173,Person173,45,Person45,5
174,Person174,13,Person13,0
174,Person174,126,Person126,0
174,Person174,60,Person60,1
174,Person174,99,Person99,2
174,Person174,161,Person161,2
174,Person174,9,Person9,3
174,Person174,17,Person17,3
174,Person174,86,Person86,3
174,Person174,15,Person15,3
174,Person174,192,Person192,3
174,Person174,142,Person142,4
174,Person174,21,Person21,4
174,Person174,183,Person183,4
174,Person174,62,Person62,5
174,Person174,177,Person177,5
174,Person174,101,Person101,5
174,Person174,12,Person12,5
175,Person175,90,Person90,3
175,Person175,196,Person196,3
175,Person175,14,Person14,3
175,Person175,173,Person173,3
175,Person175,108,Person108,3
175,Person175,139,Person139,3
175,Person175,111,Person111,4
175,Person175,99,Person99,4
175,Person175,125,Person125,4
175,Person175,54,Person54,4
175,Person175,165,Person165,4
175,Person175,166,Person166,4
175,Person175,163,Person163,4
175,Person175,15,Person15,4
175,Person175,107,Person107,5
175,Person175,183,Person183,5
177,Person177,163,Person163,1
177,Person177,180,Person180,2
177,Person177,151,Person151,2
177,Person177,183,Person183,3
177,Person177,125,Person125,3
177,Person177,103,Person103,3
177,Person177,42,Person42,3
177,Person177,75,Person75,4
177,Person177,181,Person181,4
177,Person177,197,Person197,4
177,Person177,99,Person99,4
177,Person177,52,Person52,4
177,Person177,196,Person196,4
177,Person177,148,Person148,4
177,Person177,174,Person174,4
177,Person177,60,Person60,4
178,Person178,85,Person85,3
178,Person178,17,Person17,3
178,Person178,145,Person145,3
178,Person178,87,Person87,3
178,Person178,107,Person107,3
178,Person178,81,Person81,3
178,Person178,162,Person162,4
178,Person178,90,Person90,4
178,Person178,75,Person75,4
178,Person178,197,Person197,4
178,Person178,15,Person15,4
178,Person178,198,Person198,4
178,Person178,51,Person51,5
178,Person178,33,Person33,5
178,Person178,173,Person173,5
178,Person178,32,Person32,5
178,Person178,34,Person34,5
178,Person178,192,Person192,5
178,Person178,59,Person59,5
179,Person179,75,Person75,5
179,Person179,90,Person90,5
179,Person179,54,Person54,5
179,Person179,185,Person185,5
179,Person179,108,Person108,5
179,Person179,10,Person10,5
179,Person179,43,Person43,5
179,Person179,161,Person161,5
179,Person179,14,Person14,5
179,Person179,53,Person53,5
179,Person179,156,Person156,5
179,Person179,132,Person132,5
179,Person179,184,Person184,5
179,Person179,64,Person64,5
179,Person179,3,Person3,5
179,Person179,151,Person151,5
180,Person180,75,Person75,1
180,Person180,184,Person184,2
180,Person180,90,Person90,3
180,Person180,55,Person55,3
180,Person180,183,Person183,4
180,Person180,146,Person146,4
180,Person180,9,Person9,4
180,Person180,85,Person85,5
180,Person180,125,Person125,5
180,Person180,60,Person60,5
181,Person181,30,Person30,2
181,Person181,173,Person173,2
181,Person181,89,Person89,2
181,Person181,17,Person17,2
181,Person181,137,Person137,2
181,Person181,162,Person162,3
181,Person181,144,Person144,3
181,Person181,148,Person148,3
181,Person181,107,Person107,3
181,Person181,103,Person103,3
181,Person181,200,Person200,3
181,Person181,61,Person61,3
181,Person181,160,Person160,4
181,Person181,62,Person62,4
181,Person181,52,Person52,4
181,Person181,143,Person143,4
182,Person182,53,Person53,1
182,Person182,107,Person107,2
182,Person182,63,Person63,2
182,Person182,102,Person102,2
182,Person182,126,Person126,3
182,Person182,130,Person130,3
182,Person182,12,Person12,3
182,Person182,127,Person127,3
182,Person182,2,Person2,3
182,Person182,75,Person75,3
182,Person182,195,Person195,4
182,Person182,110,Person110,4
182,Person182,86,Person86,4
182,Person182,55,Person55,5
182,Person182,60,Person60,5
182,Person182,108,Person108,5
182,Person182,71,Person71,5
185,Person185,77,Person77,2
185,Person185,177,Person177,3
185,Person185,128,Person128,3
185,Person185,142,Person142,3
185,Person185,9,Person9,3
185,Person185,21,Person21,3
185,Person185,33,Person33,4
185,Person185,178,Person178,4
185,Person185,200,Person200,4
185,Person185,198,Person198,4
185,Person185,135,Person135,4
185,Person185,149,Person149,5
185,Person185,132,Person132,5
185,Person185,151,Person151,5
185,Person185,23,Person23,5
186,Person186,44,Person44,0
186,Person186,146,Person146,0
186,Person186,166,Person166,0
186,Person186,38,Person38,0
186,Person186,45,Person45,0
186,Person186,156,Person156,0
186,Person186,183,Person183,0
186,Person186,181,Person181,0
186,Person186,197,Person197,0
186,Person186,173,Person173,0
186,Person186,83,Person83,0
186,Person186,14,Person14,0
186,Person186,33,Person33,4
186,Person186,10,Person10,4
186,Person186,87,Person87,4
186,Person186,143,Person143,4
187,Person187,195,Person195,0
187,Person187,181,Person181,0
187,Person187,30,Person30,0
187,Person187,83,Person83,0
187,Person187,148,Person148,0
187,Person187,137,Person137,0
187,Person187,107,Person107,0
187,Person187,45,Person45,0
187,Person187,130,Person130,0
187,Person187,7,Person7,0
187,Person187,192,Person192,0
187,Person187,91,Person91,1
189,Person189,195,Person195,1
189,Person189,173,Person173,1
189,Person189,183,Person183,2
189,Person189,142,Person142,2
189,Person189,108,Person108,2
189,Person189,126,Person126,2
189,Person189,85,Person85,3
189,Person189,9,Person9,3
189,Person189,52,Person52,3
189,Person189,177,Person177,3
189,Person189,148,Person148,3
189,Person189,160,Person160,4
189,Person189,96,Person96,4
189,Person189,62,Person62,4
189,Person189,175,Person175,4
189,Person189,89,Person89,5
189,Person189,107,Person107,5
191,Person191,197,Person197,3
191,Person191,144,Person144,3
191,Person191,173,Person173,3
191,Person191,83,Person83,3
191,Person191,156,Person156,3
191,Person191,198,Person198,4
191,Person191,30,Person30,4
191,Person191,185,Person185,4
191,Person191,10,Person10,4
191,Person191,131,Person131,4
191,Person191,107,Person107,4
191,Person191,45,Person45,4
191,Person191,200,Person200,4
191,Person191,75,Person75,5
191,Person191,132,Person132,5
191,Person191,114,Person114,5
192,Person192,175,Person175,1
192,Person192,42,Person42,1
192,Person192,64,Person64,2
192,Person192,149,Person149,2
192,Person192,179,Person179,2
192,Person192,126,Person126,3
192,Person192,14,Person14,3
192,Person192,148,Person148,3
192,Person192,99,Person99,3
192,Person192,89,Person89,3
192,Person192,124,Person124,4
192,Person192,43,Person43,4
192,Person192,197,Person197,4
192,Person192,138,Person138,4
192,Person192,198,Person198,5
192,Person192,40,Person40,5
192,Person192,25,Person25,5
192,Person192,32,Person32,5
193,Person193,10,Person10,2
193,Person193,179,Person179,2
193,Person193,131,Person131,2
193,Person193,124,Person124,2
193,Person193,197,Person197,3
193,Person193,87,Person87,3
193,Person193,192,Person192,3
193,Person193,59,Person59,3
193,Person193,200,Person200,3
193,Person193,128,Person128,4
193,Person193,61,Person61,4
193,Person193,151,Person151,4
193,Person193,145,Person145,4
193,Person193,185,Person185,4
193,Person193,142,Person142,5
193,Person193,85,Person85,5
193,Person193,172,Person172,5
194,Person194,165,Person165,3
194,Person194,156,Person156,4
194,Person194,91,Person91,4
194,Person194,75,Person75,5
194,Person194,123,Person123,5
195,Person195,64,Person64,2
195,Person195,54,Person54,2
195,Person195,180,Person180,2
195,Person195,52,Person52,2
195,Person195,99,Person99,3
195,Person195,142,Person142,3
195,Person195,55,Person55,3
195,Person195,2,Person2,3
195,Person195,175,Person175,3
195,Person195,127,Person127,4
195,Person195,60,Person60,4
195,Person195,103,Person103,4
195,Person195,85,Person85,5
195,Person195,71,Person71,5
195,Person195,89,Person89,5
196,Person196,127,Person127,1
196,Person196,107,Person107,2
196,Person196,55,Person55,2
196,Person196,64,Person64,2
196,Person196,139,Person139,2
196,Person196,36,Person36,3
196,Person196,51,Person51,3
196,Person196,54,Person54,3
196,Person196,99,Person99,3
196,Person196,71,Person71,3
196,Person196,166,Person166,3
196,Person196,13,Person13,3
196,Person196,60,Person60,3
196,Person196,151,Person151,4
196,Person196,137,Person137,5
196,Person196,43,Person43,5
196,Person196,97,Person97,5
198,Person198,89,Person89,2
198,Person198,146,Person146,2
198,Person198,124,Person124,3
198,Person198,77,Person77,3
198,Person198,32,Person32,3
198,Person198,43,Person43,3
198,Person198,10,Person10,3
198,Person198,102,Person102,3
198,Person198,23,Person23,3
198,Person198,166,Person166,3
198,Person198,99,Person99,4
198,Person198,75,Person75,4
198,Person198,130,Person130,5
198,Person198,33,Person33,5
200,Person200,162,Person162,
200,Person200,128,Person128,
200,Person200,183,Person183,
200,Person200,160,Person160,
200,Person200,181,Person181,
200,Person200,142,Person142,
200,Person200,173,Person173,
200,Person200,185,Person185,
200,Person200,131,Person131,
200,Person200,15,Person15,
200,Person200,143,Person143,
203,Person203,91,Person91,2
203,Person203,165,Person165,3
203,Person203,75,Person75,3
203,Person203,156,Person156,3
203,Person203,123,Person123,4
204,Person204,160,Person160,3
204,Person204,128,Person128,3
204,Person204,51,Person51,3
204,Person204,30,Person30,3
204,Person204,9,Person9,3
204,Person204,144,Person144,3
204,Person204,185,Person185,3
204,Person204,177,Person177,3
204,Person204,108,Person108,3
204,Person204,61,Person61,4
204,Person204,142,Person142,5
204,Person204,181,Person181,5
204,Person204,52,Person52,5
204,Person204,137,Person137,5
204,Person204,107,Person107,5
204,Person204,103,Person103,5
204,Person204,172,Person172,5
204,Person204,143,Person143,5
204,Person204,135,Person135,5
67,Person67,,,
97,Person97,,,
100,Person100,,,
117,Person117,,,
118,Person118,,,
119,Person119,,,
125,Person125,,,
129,Person129,,,
130,Person130,,,
134,Person134,,,
140,Person140,,,
152,Person152,,,
167,Person167,,,
169,Person169,,,
170,Person170,,,
183,Person183,,,
184,Person184,,,
190,Person190,,,
197,Person197,,,
199,Person199,,,
201,Person201,,,
207,Person207,,,
208,Person208,,,
209,Person209,,,
210,Person210,,,
,,22,Person22,